{
  "cmv": 0.3463950321509987,
  "eli5": 0.3347496530773632,
  "sci_gen": 0.40223098401430213,
  "tldr": 0.3548403262813302,
  "wp": 0.3343132629042509,
  "xsum": 0.3634354576716592,
  "yelp": 0.34017835068395313
}