paraphraser,T1,T2,T3
chatgpt,0.9680103852725275,0.9641357370638013,0.9611518286727947
palm,0.9755289201486376,0.9697228342204933,0.9663919577220649
dipper_low,0.9846767714637439,0.9787856763798142,0.9746684246175004
dipper_bare,0.9647897180296717,0.9541295579304616,0.9464534293415834
dipper_high,0.8809316679224382,0.8560745465295773,0.8309253464308342
pegasus_slight,0.9923023672685534,0.9856284713544655,0.9797222927403211
pegasus_full,0.9623340182918599,0.9462280863336497,0.9365639326990479
