iteration,f1
T0,0.6041159701229988
T1,0.6278506972696383
T2,0.6178467125516375
T3,0.6194184419473097
