{
  "Logistic Reg": {
    "mean": 0.332587703956969,
    "std": 0.0031591718151519903
  },
  "Random Forest": {
    "mean": 0.379017439196379,
    "std": 0.001045453523993663
  }
}