{
  "n_documents": 19049,
  "datasets": [
    "cmv",
    "eli5",
    "sci_gen",
    "tldr",
    "wp",
    "xsum",
    "yelp"
  ],
  "paraphrasers": [
    "chatgpt",
    "palm",
    "dipper_low",
    "dipper_bare",
    "dipper_high",
    "pegasus_slight",
    "pegasus_full"
  ],
  "mean_sbert_t3": 0.7187511324882507,
  "mean_pos_cos_t3": 0.9422681731748782,
  "mean_dep_depth_t3": 5.0476450140273865,
  "attr_f1_t0": 0.6041159701229989,
  "attr_f1_t3": 0.6116812475971777,
  "rf_fingerprint_f1": 0.379017439196379,
  "random_baseline": 0.1429,
  "ponr_threshold": 0.55
}